"","sentence","date","year","month","day","filename"
"1","NEWSWEEK Persp Registered The Cargo Plane by RAYMOND Loos ANGELES The decision","1942-09-28","1942","09","28","Moley_newsweek_1942-09-28_20_13.txt"
"2","of Donald Nelson to authorize Henry J. Kaiser to build three giant","1942-09-28","1942","09","28","Moley_newsweek_1942-09-28_20_13.txt"
"3","cargo planes in collaboration with Howard Hughes seems to make a good","1942-09-28","1942","09","28","Moley_newsweek_1942-09-28_20_13.txt"
"4","deal of sense. The interest aroused by this news and by the","1942-09-28","1942","09","28","Moley_newsweek_1942-09-28_20_13.txt"
"5","long and informative discussions that preceded it has done a great deal","1942-09-28","1942","09","28","Moley_newsweek_1942-09-28_20_13.txt"
"6","to make people appreciate the value of large cargo-flying ships. The experi-","1942-09-28","1942","09","28","Moley_newsweek_1942-09-28_20_13.txt"
"7","mental work now authorized will teach us all much that will be","1942-09-28","1942","09","28","Moley_newsweek_1942-09-28_20_13.txt"
"8","useful in the war effort and in transportation after the war. It","1942-09-28","1942","09","28","Moley_newsweek_1942-09-28_20_13.txt"
"9","is obvious that when an entirely new design is contemplated it takes","1942-09-28","1942","09","28","Moley_newsweek_1942-09-28_20_13.txt"
"10","time to produce even experimental models. It is estimated by Mr. Kaiser","1942-09-28","1942","09","28","Moley_newsweek_1942-09-28_20_13.txt"
"11","and Mr. Hughes that the three will not 15 months, the second","1942-09-28","1942","09","28","Moley_newsweek_1942-09-28_20_13.txt"
"12","in 20 months and the third in 25 months. If it is","1942-09-28","1942","09","28","Moley_newsweek_1942-09-28_20_13.txt"
"13","then decided to put them into production, some months must elapse before","1942-09-28","1942","09","28","Moley_newsweek_1942-09-28_20_13.txt"
"14","they roll off the line. The public has been informed from time","1942-09-28","1942","09","28","Moley_newsweek_1942-09-28_20_13.txt"
"15","to time of quite understandable differences of opinion about the feasi- bility","1942-09-28","1942","09","28","Moley_newsweek_1942-09-28_20_13.txt"
"16","and desirability of building this type of plane at this time. One","1942-09-28","1942","09","28","Moley_newsweek_1942-09-28_20_13.txt"
"17","of the reasons for misunderstanding has been the fact that ideas as","1942-09-28","1942","09","28","Moley_newsweek_1942-09-28_20_13.txt"
"18","well as specific plans have been continually changing throughout the period of","1942-09-28","1942","09","28","Moley_newsweek_1942-09-28_20_13.txt"
"19","discussion. At all times, many complicated technical problems of management and engineer-","1942-09-28","1942","09","28","Moley_newsweek_1942-09-28_20_13.txt"
"20","ing have been involved. After wide discussion in Washington and elsewhere, a","1942-09-28","1942","09","28","Moley_newsweek_1942-09-28_20_13.txt"
"21","meeting was held here about four weeks ago between Mr. a WPB","1942-09-28","1942","09","28","Moley_newsweek_1942-09-28_20_13.txt"
"22","representative and a committee of three leaders in the air- plane industry.","1942-09-28","1942","09","28","Moley_newsweek_1942-09-28_20_13.txt"
"23","This committee was acting upon a suggestion of the WPB to talk","1942-09-28","1942","09","28","Moley_newsweek_1942-09-28_20_13.txt"
"24","the matter over with Mr. Kaiser and to report on their findings","1942-09-28","1942","09","28","Moley_newsweek_1942-09-28_20_13.txt"
"25","and con- clusions. No specific plan came out of the meeting. This","1942-09-28","1942","09","28","Moley_newsweek_1942-09-28_20_13.txt"
"26","was not because the industry itself was lacking in a desire to","1942-09-28","1942","09","28","Moley_newsweek_1942-09-28_20_13.txt"
"27","cooperate. It is the settled rule in the industry that any manufacturer","1942-09-28","1942","09","28","Moley_newsweek_1942-09-28_20_13.txt"
"28","will make available any plans, engineering ideas, advice and technical personnel at","1942-09-28","1942","09","28","Moley_newsweek_1942-09-28_20_13.txt"
"29","his disposal to any other manufacturer who actually has an order from","1942-09-28","1942","09","28","Moley_newsweek_1942-09-28_20_13.txt"
"30","the government to build planes. At that time Mr. Kaiser had no","1942-09-28","1942","09","28","Moley_newsweek_1942-09-28_20_13.txt"
"31","such order, and there was a good deal of uncertainty as to","1942-09-28","1942","09","28","Moley_newsweek_1942-09-28_20_13.txt"
"32","the plane that was to be built and ro be finished for","1942-09-28","1942","09","28","Moley_newsweek_1942-09-28_20_13.txt"
"33","two years the first in Kaiser, SEPTEMBER 28, 1942 ective . S.","1942-09-28","1942","09","28","Moley_newsweek_1942-09-28_20_13.txt"
"34","Patent Office Question the organization which was to do the building. In","1942-09-28","1942","09","28","Moley_newsweek_1942-09-28_20_13.txt"
"35","these circumstances, it was urged that Mr. Kaiser give his unquestioned manufacturing","1942-09-28","1942","09","28","Moley_newsweek_1942-09-28_20_13.txt"
"36","ability to the mass pro- duction of some model already designed. But","1942-09-28","1942","09","28","Moley_newsweek_1942-09-28_20_13.txt"
"37","it seems that Mr. Kaiser thought it best to build a new","1942-09-28","1942","09","28","Moley_newsweek_1942-09-28_20_13.txt"
"38","plane. Leaders of the industry pointed out the great outlay of time","1942-09-28","1942","09","28","Moley_newsweek_1942-09-28_20_13.txt"
"39","and the requirements of MOLEY and labor needed for the development of","1942-09-28","1942","09","28","Moley_newsweek_1942-09-28_20_13.txt"
"40","an entirely new model. It is said that in the automobile industry","1942-09-28","1942","09","28","Moley_newsweek_1942-09-28_20_13.txt"
"41","a new model takes close to three years from the original idea","1942-09-28","1942","09","28","Moley_newsweek_1942-09-28_20_13.txt"
"42","to mass production. Some- thing of the same effort is required in","1942-09-28","1942","09","28","Moley_newsweek_1942-09-28_20_13.txt"
"43","the case of a new plane. To undertake critical materials, engineering personnel","1942-09-28","1942","09","28","Moley_newsweek_1942-09-28_20_13.txt"
"44","mass production of a new plane would draw heavily upon the strained","1942-09-28","1942","09","28","Moley_newsweek_1942-09-28_20_13.txt"
"45","re- sources of an already overburdened in- dustry. This apparently became clear","1942-09-28","1942","09","28","Moley_newsweek_1942-09-28_20_13.txt"
"46","not only to the industry but to the various authorities in the","1942-09-28","1942","09","28","Moley_newsweek_1942-09-28_20_13.txt"
"47","government. There is no disposition to deny that vastly bigger planes can","1942-09-28","1942","09","28","Moley_newsweek_1942-09-28_20_13.txt"
"48","be built than any that now exist, or to deny that they","1942-09-28","1942","09","28","Moley_newsweek_1942-09-28_20_13.txt"
"49","will fly and that*they will carry a lot of stuff. When a","1942-09-28","1942","09","28","Moley_newsweek_1942-09-28_20_13.txt"
"50","certain manufacturer was asked how big a cargo plane could be built,","1942-09-28","1942","09","28","Moley_newsweek_1942-09-28_20_13.txt"
"51","his answer was: Just tell me how much land or water is","1942-09-28","1942","09","28","Moley_newsweek_1942-09-28_20_13.txt"
"52","available to take off from or to land in. Such ques- tions","1942-09-28","1942","09","28","Moley_newsweek_1942-09-28_20_13.txt"
"53","as this, as well as the number and type of cargo planes","1942-09-28","1942","09","28","Moley_newsweek_1942-09-28_20_13.txt"
"54","that will be needed, are matters of strategy to be decided by","1942-09-28","1942","09","28","Moley_newsweek_1942-09-28_20_13.txt"
"55","the Army and the Navy. There is no reason now to assume","1942-09-28","1942","09","28","Moley_newsweek_1942-09-28_20_13.txt"
"56","that this war will have to be fought with the exact types","1942-09-28","1942","09","28","Moley_newsweek_1942-09-28_20_13.txt"
"57","of plane already in production. But it does seem likely that whatever","1942-09-28","1942","09","28","Moley_newsweek_1942-09-28_20_13.txt"
"58","is new or startling in the planes that will come off the","1942-09-28","1942","09","28","Moley_newsweek_1942-09-28_20_13.txt"
"59","production line for some time to come will be a modification and","1942-09-28","1942","09","28","Moley_newsweek_1942-09-28_20_13.txt"
"60","improvement of basic designs that now exist. Leaders in the industry here","1942-09-28","1942","09","28","Moley_newsweek_1942-09-28_20_13.txt"
"61","and elsewhere have been stressing the im- portance of carriers for a","1942-09-28","1942","09","28","Moley_newsweek_1942-09-28_20_13.txt"
"62","long time, and point to the number of excellent cargo planes already","1942-09-28","1942","09","28","Moley_newsweek_1942-09-28_20_13.txt"
"63","in production. The cam- paign of Mr. Kaiser has heavily under- scored","1942-09-28","1942","09","28","Moley_newsweek_1942-09-28_20_13.txt"
"64","their importance. He can have the immense satisfaction of knowing that he","1942-09-28","1942","09","28","Moley_newsweek_1942-09-28_20_13.txt"
"65","has directed the nation s atten- tion to the value of large","1942-09-28","1942","09","28","Moley_newsweek_1942-09-28_20_13.txt"
"66","carriers. Everyone will wish him well in his new project.","1942-09-28","1942","09","28","Moley_newsweek_1942-09-28_20_13.txt"
"67","? NEWSWEEK Perspective U. S, Three Governorships by RAYMOND As we come","1942-10-19","1942","10","19","Moley_newsweek_1942-10-19_20_16.txt"
"68","to mid-October, two political conclusions are clear. One is a drift toward","1942-10-19","1942","10","19","Moley_newsweek_1942-10-19_20_16.txt"
"69","Republican candidates; the other is a prospective small vote. These two signs","1942-10-19","1942","10","19","Moley_newsweek_1942-10-19_20_16.txt"
"70","may or may not have something in common. My impression is that","1942-10-19","1942","10","19","Moley_newsweek_1942-10-19_20_16.txt"
"71","they are not related. The small vote will come from many contributing","1942-10-19","1942","10","19","Moley_newsweek_1942-10-19_20_16.txt"
"72","causes. First, a lot of people are in the Army and Navy.","1942-10-19","1942","10","19","Moley_newsweek_1942-10-19_20_16.txt"
"73","Second, a lot .more are too busy to think about politics. :","1942-10-19","1942","10","19","Moley_newsweek_1942-10-19_20_16.txt"
"74","An election is a sort of little war, and many vote merely","1942-10-19","1942","10","19","Moley_newsweek_1942-10-19_20_16.txt"
"75","to participate in a contest. Now a real war captures the spirit","1942-10-19","1942","10","19","Moley_newsweek_1942-10-19_20_16.txt"
"76","of contention in people. A great many people have moved because of","1942-10-19","1942","10","19","Moley_newsweek_1942-10-19_20_16.txt"
"77","their employment, and while a lot of these still have the technical","1942-10-19","1942","10","19","Moley_newsweek_1942-10-19_20_16.txt"
"78","qualifications for voting, they are in strange surroundings and the normal political","1942-10-19","1942","10","19","Moley_newsweek_1942-10-19_20_16.txt"
"79","pressures on them are gone. Many: thousands have moved from rural districts","1942-10-19","1942","10","19","Moley_newsweek_1942-10-19_20_16.txt"
"80","to cities and know little of urban registration.rules,-- These perfectly clear causes,","1942-10-19","1942","10","19","Moley_newsweek_1942-10-19_20_16.txt"
"81",", with, a number of additional ones, will account for a light","1942-10-19","1942","10","19","Moley_newsweek_1942-10-19_20_16.txt"
"82","vote. It is unnecessary to characterize it as apathy. The Republican drift","1942-10-19","1942","10","19","Moley_newsweek_1942-10-19_20_16.txt"
"83","is unmistakable (see Periscope Preview) . Vast numbers of people.are. dissatisfied with","1942-10-19","1942","10","19","Moley_newsweek_1942-10-19_20_16.txt"
"84","the con- duct of the war at home and abroad. The rubber","1942-10-19","1942","10","19","Moley_newsweek_1942-10-19_20_16.txt"
"85","debacle alone will lose the Administration countless votes. The President s scolding","1942-10-19","1942","10","19","Moley_newsweek_1942-10-19_20_16.txt"
"86","of farmers has made no new city and labor votes but has","1942-10-19","1942","10","19","Moley_newsweek_1942-10-19_20_16.txt"
"87","lost him thousands in agri- cultural regions. The New Deal has led","1942-10-19","1942","10","19","Moley_newsweek_1942-10-19_20_16.txt"
"88","people to expect so much that they tend to blame it for","1942-10-19","1942","10","19","Moley_newsweek_1942-10-19_20_16.txt"
"89","every discomfort. In this off year, gubernatorial cam- paigns are indicative of","1942-10-19","1942","10","19","Moley_newsweek_1942-10-19_20_16.txt"
"90","the trend. Within the month I have made some firsthand study in","1942-10-19","1942","10","19","Moley_newsweek_1942-10-19_20_16.txt"
"91","three widely sepa- rated states New York, Kansas and California. In New","1942-10-19","1942","10","19","Moley_newsweek_1942-10-19_20_16.txt"
"92","York, a curious mix-up in party behavior is evident already. Bennett, who","1942-10-19","1942","10","19","Moley_newsweek_1942-10-19_20_16.txt"
"93","is a pretty un- inspiring candidate despite the popu- larity of his","1942-10-19","1942","10","19","Moley_newsweek_1942-10-19_20_16.txt"
"94","manager Farley, is stronger in upstate Republican New York than any candidate","1942-10-19","1942","10","19","Moley_newsweek_1942-10-19_20_16.txt"
"95","in years but weaker in the big city. As things look now,","1942-10-19","1942","10","19","Moley_newsweek_1942-10-19_20_16.txt"
"96","Dewey may come close to the un- precedented feat of carrying the","1942-10-19","1942","10","19","Moley_newsweek_1942-10-19_20_16.txt"
"97","city as a Republican. This creates an em- barrassment of sorts for","1942-10-19","1942","10","19","Moley_newsweek_1942-10-19_20_16.txt"
"98","both Dewey and Bennett. Dewey cannot attack the Roosevelt Administration vigorously for","1942-10-19","1942","10","19","Moley_newsweek_1942-10-19_20_16.txt"
"99","fear of losing the city. Bennett cannot . OCTOBER Patent Office MOLEY","1942-10-19","1942","10","19","Moley_newsweek_1942-10-19_20_16.txt"
"100","1 talk much about the President for teal of losing support upstate.","1942-10-19","1942","10","19","Moley_newsweek_1942-10-19_20_16.txt"
"101","But Dewey | can afford to coast because, if the pol are","1942-10-19","1942","10","19","Moley_newsweek_1942-10-19_20_16.txt"
"102","correct, nothing short of the com. | mission of homicide or arson","1942-10-19","1942","10","19","Moley_newsweek_1942-10-19_20_16.txt"
"103","could lose him the election. Kansas is interesting this year. The Republicans","1942-10-19","1942","10","19","Moley_newsweek_1942-10-19_20_16.txt"
"104","had a spirited -primary contest. Senator Reed tried for the Republican nomination","1942-10-19","1942","10","19","Moley_newsweek_1942-10-19_20_16.txt"
"105","for governor on a crack-down-on-labor platform. He ran third. Aridrew Schoeppel, a","1942-10-19","1942","10","19","Moley_newsweek_1942-10-19_20_16.txt"
"106","clean-cut and respected lawyer. froma. small city { in Western Kahsas, won.","1942-10-19","1942","10","19","Moley_newsweek_1942-10-19_20_16.txt"
"107","He is opposed | 4 by William Burke, who has held various.","1942-10-19","1942","10","19","Moley_newsweek_1942-10-19_20_16.txt"
"108","appointive offices from Washington an q who ran and lost in 1940.","1942-10-19","1942","10","19","Moley_newsweek_1942-10-19_20_16.txt"
"109","It looks li an easy victory for Schoeppel. a There is real","1942-10-19","1942","10","19","Moley_newsweek_1942-10-19_20_16.txt"
"110","color in the Californ fight. Olson was elected in-1988 by a most","1942-10-19","1942","10","19","Moley_newsweek_1942-10-19_20_16.txt"
"111","indiscriminate collection of rceg! h ham-and-eggers, labor, New Dealers, Sinclairites, single taxers","1942-10-19","1942","10","19","Moley_newsweek_1942-10-19_20_16.txt"
"112","and socialists, No one could~satisfy such a motley: following, and Olson has","1942-10-19","1942","10","19","Moley_newsweek_1942-10-19_20_16.txt"
"113","had a riotous time for four years. His opponent, Earl Warren, now","1942-10-19","1942","10","19","Moley_newsweek_1942-10-19_20_16.txt"
"114","Attorney General, im- 4 presses those who know him as a man","1942-10-19","1942","10","19","Moley_newsweek_1942-10-19_20_16.txt"
"115","? of unique integrity and steadiness. He was unopposed in i the","1942-10-19","1942","10","19","Moley_newsweek_1942-10-19_20_16.txt"
"116","Republican pri- | mary, and in the Democratic primary he ran Olson","1942-10-19","1942","10","19","Moley_newsweek_1942-10-19_20_16.txt"
"117","a rather close race. ~*~ 4a The sole appeal of Olson is","1942-10-19","1942","10","19","Moley_newsweek_1942-10-19_20_16.txt"
"118","his | devotion to the President. He made hay * when the","1942-10-19","1942","10","19","Moley_newsweek_1942-10-19_20_16.txt"
"119","Pregident visited California. | According to the announcement of the 4 Democratic","1942-10-19","1942","10","19","Moley_newsweek_1942-10-19_20_16.txt"
"120","Committee of Los Olson stuck to the distinguished visitor like a burr.in","1942-10-19","1942","10","19","Moley_newsweek_1942-10-19_20_16.txt"
"121","the mane of a lion. He was in the automobile with the","1942-10-19","1942","10","19","Moley_newsweek_1942-10-19_20_16.txt"
"122","Presi- | dent as they toured the plants in Los | Angeles","1942-10-19","1942","10","19","Moley_newsweek_1942-10-19_20_16.txt"
"123","and San Diego and visited | naval and marine establishments. They also","1942-10-19","1942","10","19","Moley_newsweek_1942-10-19_20_16.txt"
"124","visited an old mission. One cannot help speculating upon the meditations. of","1942-10-19","1942","10","19","Moley_newsweek_1942-10-19_20_16.txt"
"125","the two. as they contemplated the venerable beauty of San Juan Capis-","1942-10-19","1942","10","19","Moley_newsweek_1942-10-19_20_16.txt"
"126","; trano. Surely their thoughts were far from the political campaign. Perhaps","1942-10-19","1942","10","19","Moley_newsweek_1942-10-19_20_16.txt"
"127","the President s visit has saved Olson, but late reports still favor","1942-10-19","1942","10","19","Moley_newsweek_1942-10-19_20_16.txt"
"128","Warren. The election of Warren and Dewey | in the two big","1942-10-19","1942","10","19","Moley_newsweek_1942-10-19_20_16.txt"
"129","states on opposite sides | of the country would be a considerable","1942-10-19","1942","10","19","Moley_newsweek_1942-10-19_20_16.txt"
"130","| return toward a political balance in this country, especially since there","1942-10-19","1942","10","19","Moley_newsweek_1942-10-19_20_16.txt"
"131","stretches between them an almost un- | cite ay olan apap ak.","1942-10-19","1942","10","19","Moley_newsweek_1942-10-19_20_16.txt"
"132","governors now in office.","1942-10-19","1942","10","19","Moley_newsweek_1942-10-19_20_16.txt"
"133","lationist, however, House lowest opposition leaders Office Willkie Rep. isolationist was was","1942-11-16","1942","11","16","Moley_newsweek_1942-11-16_20_20.txt"
"134","of the war effort and is liked trusted by most Republican leaders.","1942-11-16","1942","11","16","Moley_newsweek_1942-11-16_20_20.txt"
"135","Will the country be more conserva- Yes, well on into the postwar","1942-11-16","1942","11","16","Moley_newsweek_1942-11-16_20_20.txt"
"136","The men thrown into the lime- are, in the main, middle-of-the- steady","1942-11-16","1942","11","16","Moley_newsweek_1942-11-16_20_20.txt"
"137","people. A lot of extremists coattail riders went down. This is not","1942-11-16","1942","11","16","Moley_newsweek_1942-11-16_20_20.txt"
"138","a flash in the pan. It a change in the national temper","1942-11-16","1942","11","16","Moley_newsweek_1942-11-16_20_20.txt"
"139","some time to come. What about Jim Farley s future? An of","1942-11-16","1942","11","16","Moley_newsweek_1942-11-16_20_20.txt"
"140","the vote in the various shows that the defeat of his in","1942-11-16","1942","11","16","Moley_newsweek_1942-11-16_20_20.txt"
"141","New York can be ascribed to upturn against the Adminis- Throughout the","1942-11-16","1942","11","16","Moley_newsweek_1942-11-16_20_20.txt"
"142","nation, Farley continue to be respected and sup- by conservative Democrats, and","1942-11-16","1942","11","16","Moley_newsweek_1942-11-16_20_20.txt"
"143","may possibly see them seriously for the control of the party. Will","1942-11-16","1942","11","16","Moley_newsweek_1942-11-16_20_20.txt"
"144","the war effort be more vigorous prosecuted? Yes. The tonic effect of","1942-11-16","1942","11","16","Moley_newsweek_1942-11-16_20_20.txt"
"145","election will put zest into the in Congress, into industrial generally, and","1942-11-16","1942","11","16","Moley_newsweek_1942-11-16_20_20.txt"
"146","into the small and agricultural areas. Labor also and publicans, the of","1942-11-16","1942","11","16","Moley_newsweek_1942-11-16_20_20.txt"
"147","James whom league, office election Congress winning himself. the over. an. feuding","1942-11-16","1942","11","16","Moley_newsweek_1942-11-16_20_20.txt"
"148","ing, Christian does the party, alike burden onstrate, Herald will be less","1942-11-16","1942","11","16","Moley_newsweek_1942-11-16_20_20.txt"
"149","confident of their The desire to win the war will, Public morale","1942-11-16","1942","11","16","Moley_newsweek_1942-11-16_20_20.txt"
"150","will be better be- the people have taken over the of morale-building","1942-11-16","1942","11","16","Moley_newsweek_1942-11-16_20_20.txt"
"151","themselves. its the wholeheartedly tions to they tory where. Is this all","1942-11-16","1942","11","16","Moley_newsweek_1942-11-16_20_20.txt"
"152","due to protest against the effort of the Administration? No. in part.","1942-11-16","1942","11","16","Moley_newsweek_1942-11-16_20_20.txt"
"153","It is the continuation of undercurrent that began in some sections of","1942-11-16","1942","11","16","Moley_newsweek_1942-11-16_20_20.txt"
"154","the Middle West as as 1936. It has grown in every since,","1942-11-16","1942","11","16","Moley_newsweek_1942-11-16_20_20.txt"
"155","until, as a result of this . Republican governors will hold in","1942-11-16","1942","11","16","Moley_newsweek_1942-11-16_20_20.txt"
"156","states with approximately three- of the population of the nation minority as","1942-11-16","1942","11","16","Moley_newsweek_1942-11-16_20_20.txt"
"157","have greatly increased representa- in Congress. This tide is not likely recede","1942-11-16","1942","11","16","Moley_newsweek_1942-11-16_20_20.txt"
"158","for a considerable time and it well go much farther. full the","1942-11-16","1942","11","16","Moley_newsweek_1942-11-16_20_20.txt"
"159","as play ties halted. mand W. What about straw votes? Polls may","1942-11-16","1942","11","16","Moley_newsweek_1942-11-16_20_20.txt"
"160","useful in pointing out trends. But more accurate pre-election polls the by","1942-11-16","1942","11","16","Moley_newsweek_1942-11-16_20_20.txt"
"161","the less value they have as because voters are influenced Mayor cratic","1942-11-16","1942","11","16","Moley_newsweek_1942-11-16_20_20.txt"
"162","man them. The best commentators still it necessary to travel, to talk","1942-11-16","1942","11","16","Moley_newsweek_1942-11-16_20_20.txt"
"163","with reelect Albert Nash the Raymond observers on the spot and consider","1942-11-16","1942","11","16","Moley_newsweek_1942-11-16_20_20.txt"
"164","generally how current hap- are likely to affect voters. Poli- is still","1942-11-16","1942","11","16","Moley_newsweek_1942-11-16_20_20.txt"
"165","an art, not a science. & appeared NEWSWEEK and both were reelected.","1942-11-16","1942","11","16","Moley_newsweek_1942-11-16_20_20.txt"
"166","Fish, goes to his thirteenth term in the by the scant margin","1942-11-16","1942","11","16","Moley_newsweek_1942-11-16_20_20.txt"
"167","of 4,062 votes, of his career. He won despite the of President-","1942-11-16","1942","11","16","Moley_newsweek_1942-11-16_20_20.txt"
"168","Roosevelt and of his own party Wendell L. and Gov.-elect Thomas E.","1942-11-16","1942","11","16","Moley_newsweek_1942-11-16_20_20.txt"
"169","Dewey. Clare E. Hoffman, an outstanding before Dec. 7, whose defeat earnestly","1942-11-16","1942","11","16","Moley_newsweek_1942-11-16_20_20.txt"
"170","desired by the New Deal, reelected in Michigan. But pre-Pearl Harbor interventionists","1942-11-16","1942","11","16","Moley_newsweek_1942-11-16_20_20.txt"
"171","fared well Gov. Harold E. Stassen Sen. Joseph H. Ball, Minnesota Re-","1942-11-16","1942","11","16","Moley_newsweek_1942-11-16_20_20.txt"
"172","who were attacked bitterly in primary campaigns for their support Mr. Roosevelt","1942-11-16","1942","11","16","Moley_newsweek_1942-11-16_20_20.txt"
"173","before Dec. 7, and Sen. E. Murray, Montana Democrat, Sen. Burton K.","1942-11-16","1942","11","16","Moley_newsweek_1942-11-16_20_20.txt"
"174","Wheeler, his col- had accused of trying to ride into on the","1942-11-16","1942","11","16","Moley_newsweek_1942-11-16_20_20.txt"
"175","coattails of war fever. President Roosevelt s comment on the was brief:","1942-11-16","1942","11","16","Moley_newsweek_1942-11-16_20_20.txt"
"176","he assumed the new would be as much in favor of the","1942-11-16","1942","11","16","Moley_newsweek_1942-11-16_20_20.txt"
"177","war as the Chief Executive He was expressing only part of consensus","1942-11-16","1942","11","16","Moley_newsweek_1942-11-16_20_20.txt"
"178","of commentators the country The mandate, it was agreed, was for end","1942-11-16","1942","11","16","Moley_newsweek_1942-11-16_20_20.txt"
"179","to inefficiency and bureaucratic in Washington. It will be surpris- wrote Roscoe","1942-11-16","1942","11","16","Moley_newsweek_1942-11-16_20_20.txt"
"180","Drummond in The Science Monitor, if the election not have a emaabeneng","1942-11-16","1942","11","16","Moley_newsweek_1942-11-16_20_20.txt"
"181","effect upon Administration. As for its effect upon the Republican } commentators","1942-11-16","1942","11","16","Moley_newsweek_1942-11-16_20_20.txt"
"182","and GOP leaders © called upon the party to realize the of","1942-11-16","1942","11","16","Moley_newsweek_1942-11-16_20_20.txt"
"183","victory: let the party now dem- said the Republican New York Tribune,","1942-11-16","1942","11","16","Moley_newsweek_1942-11-16_20_20.txt"
"184","that it has learned by blunders, and possesses the ability and bravery","1942-11-16","1942","11","16","Moley_newsweek_1942-11-16_20_20.txt"
"185","to support the war effort and to place in key posi- men","1942-11-16","1942","11","16","Moley_newsweek_1942-11-16_20_20.txt"
"186","sufficiently wise and farseeing take command in a national crisis. If do","1942-11-16","1942","11","16","Moley_newsweek_1942-11-16_20_20.txt"
"187","not give this proof . . . their vic- will be an","1942-11-16","1942","11","16","Moley_newsweek_1942-11-16_20_20.txt"
"188","empty success leading no- If they live up to their opportuni- leader.","1942-11-16","1942","11","16","Moley_newsweek_1942-11-16_20_20.txt"
"189","Announcing his retirement GOP National Chairman to give his time to Congressional","1942-11-16","1942","11","16","Moley_newsweek_1942-11-16_20_20.txt"
"190","duties, he said Republicans would devote themselves Americans to winning the war","1942-11-16","1942","11","16","Moley_newsweek_1942-11-16_20_20.txt"
"191","and not politics. their to power cannot be The attitude of the","1942-11-16","1942","11","16","Moley_newsweek_1942-11-16_20_20.txt"
"192","Republican com- was set forth soberly by Rep. Joseph Martin Jr. of","1942-11-16","1942","11","16","Moley_newsweek_1942-11-16_20_20.txt"
"193","Massachusetts, House There were three outstanding defeats in elections aside from the","1942-11-16","1942","11","16","Moley_newsweek_1942-11-16_20_20.txt"
"194","beatings taken candidates. The powerful machine of Frank Hague of Jersey City,","1942-11-16","1942","11","16","Moley_newsweek_1942-11-16_20_20.txt"
"195","Demo- boss of New Jersey and a vice chair- of the National","1942-11-16","1942","11","16","Moley_newsweek_1942-11-16_20_20.txt"
"196","Committee, failed to Sen. William H. Smathers over W. Hawkes, Republican. The","1942-11-16","1942","11","16","Moley_newsweek_1942-11-16_20_20.txt"
"197","Kelly- machine of Chicago was trounced by victory of Senator Brooks over","1942-11-16","1942","11","16","Moley_newsweek_1942-11-16_20_20.txt"
"198","Rep. S. McKeough. And Democrats march likely to quarrel through 1944","1942-11-16","1942","11","16","Moley_newsweek_1942-11-16_20_20.txt"
"199","showrooms, you must wait until victory enjoy this superlative instrument. end by","1942-11-16","1942","11","16","Moley_newsweek_1942-11-16_20_20.txt"
"200","buying War Bonds! needs But you can prepare for the war's earlier","1942-11-16","1942","11","16","Moley_newsweek_1942-11-16_20_20.txt"
"201","your investment, Your country and you will building soundly for the future,","1942-11-16","1942","11","16","Moley_newsweek_1942-11-16_20_20.txt"
"202","when may want to purchase a home, a car, television set, or","1942-11-16","1942","11","16","Moley_newsweek_1942-11-16_20_20.txt"
"203","a Capehart. Your Capehart dealer also offers counsel on other musical requirements","1942-11-16","1942","11","16","Moley_newsweek_1942-11-16_20_20.txt"
"204","the selection of a piano, an organ, instruments, sheet music, recordings. Capehart","1942-11-16","1942","11","16","Moley_newsweek_1942-11-16_20_20.txt"
"205","Division of the Farnsworth vision & Radio Corporation, Ft. Wayne, - FARNSWORTH","1942-11-16","1942","11","16","Moley_newsweek_1942-11-16_20_20.txt"
"206","REPRODUCTION TELEVISION to be you a you . . . band The","1942-11-16","1942","11","16","Moley_newsweek_1942-11-16_20_20.txt"
"207","Tele- Ind. The Engulfed Cathedral, by Claude Debussy, painted for the Capehart","1942-11-16","1942","11","16","Moley_newsweek_1942-11-16_20_20.txt"
"208","Col- lection by Raymond Breinin. This im- pressionistic tone-poem tells the ancient","1942-11-16","1942","11","16","Moley_newsweek_1942-11-16_20_20.txt"
"209","Breton legend of the cathedral that rises from the sea. © Reprints","1942-11-16","1942","11","16","Moley_newsweek_1942-11-16_20_20.txt"
"210","of previous paintings are now available from your Capehart dealer at a","1942-11-16","1942","11","16","Moley_newsweek_1942-11-16_20_20.txt"
"211","modest charge. Or write to Capehart. © Capehart Early Georgian (illustrated below)","1942-11-16","1942","11","16","Moley_newsweek_1942-11-16_20_20.txt"
"212","with the time-proved record changer that turns the records over. Equipped for","1942-11-16","1942","11","16","Moley_newsweek_1942-11-16_20_20.txt"
"213","FM radio,","1942-11-16","1942","11","16","Moley_newsweek_1942-11-16_20_20.txt"
"214","NEWSWEEK Persp ective Registered + Wanted Two by RAYMOND Both major parties","1942-12-07","1942","12","07","Moley_newsweek_1942-12-07_20_23.txt"
"215","are faced with the job of selecting a new chairman. The Republican","1942-12-07","1942","12","07","Moley_newsweek_1942-12-07_20_23.txt"
"216","National Committee meets on Dec. 7 to choose a successor to Joseph","1942-12-07","1942","12","07","Moley_newsweek_1942-12-07_20_23.txt"
"217","Martin Jr., who has served since 1940. No date has as yet","1942-12-07","1942","12","07","Moley_newsweek_1942-12-07_20_23.txt"
"218","been set for a Democratic Committee meeting, but those who follow politics","1942-12-07","1942","12","07","Moley_newsweek_1942-12-07_20_23.txt"
"219","closely look for its announcement within a month or so, when Edward","1942-12-07","1942","12","07","Moley_newsweek_1942-12-07_20_23.txt"
"220","J. Flynn, the present Democratic chairman, is expected to resign. With the","1942-12-07","1942","12","07","Moley_newsweek_1942-12-07_20_23.txt"
"221","restoration of a close balance in party strength, the choice of a","1942-12-07","1942","12","07","Moley_newsweek_1942-12-07_20_23.txt"
"222","new chairman in each case is not unim- portant. In fact, it","1942-12-07","1942","12","07","Moley_newsweek_1942-12-07_20_23.txt"
"223","may provide some clue to the political events of 1944. In the","1942-12-07","1942","12","07","Moley_newsweek_1942-12-07_20_23.txt"
"224","Democratic party the Presi- dent will dictate the decision. His problem will","1942-12-07","1942","12","07","Moley_newsweek_1942-12-07_20_23.txt"
"225","be only to make a selection from the rather scanty list of","1942-12-07","1942","12","07","Moley_newsweek_1942-12-07_20_23.txt"
"226","possibili- ties. But these facts are, of themselves, meaningful symptoms of the","1942-12-07","1942","12","07","Moley_newsweek_1942-12-07_20_23.txt"
"227","party organization s state of health. It can hardly be said that","1942-12-07","1942","12","07","Moley_newsweek_1942-12-07_20_23.txt"
"228","there are any active candidates for the chairman s job in the","1942-12-07","1942","12","07","Moley_newsweek_1942-12-07_20_23.txt"
"229","Democratic party. Post- master General Frank Walker might be drafted by the","1942-12-07","1942","12","07","Moley_newsweek_1942-12-07_20_23.txt"
"230","President, but he would _accept only with the greatest reluctance. Leo Crowley,","1942-12-07","1942","12","07","Moley_newsweek_1942-12-07_20_23.txt"
"231","Alien Property Custodian, is most frequently mentioned. Joseph E. Davies, former Ambassador","1942-12-07","1942","12","07","Moley_newsweek_1942-12-07_20_23.txt"
"232","to Moscow, and John W. McCormack, majority leader of the House, are","1942-12-07","1942","12","07","Moley_newsweek_1942-12-07_20_23.txt"
"233","possibilities. None stirs much enthusiasm. It will be many a day before","1942-12-07","1942","12","07","Moley_newsweek_1942-12-07_20_23.txt"
"234","another Farley is found. The bloom is simply off the job. Not","1942-12-07","1942","12","07","Moley_newsweek_1942-12-07_20_23.txt"
"235","much patronage remains to be given out, and the New Deal inner","1942-12-07","1942","12","07","Moley_newsweek_1942-12-07_20_23.txt"
"236","circle provides what political counsel the President needs. The fight for the","1942-12-07","1942","12","07","Moley_newsweek_1942-12-07_20_23.txt"
"237","chairmanship in the Republican party, on the other hand, suggests the vigor","1942-12-07","1942","12","07","Moley_newsweek_1942-12-07_20_23.txt"
"238","of the party s hopes. So does the fact that so many","1942-12-07","1942","12","07","Moley_newsweek_1942-12-07_20_23.txt"
"239","prospective Presidential candidacies are in evidence. The GOP is feeling the oats","1942-12-07","1942","12","07","Moley_newsweek_1942-12-07_20_23.txt"
"240","of the November victory. Party insiders say the new chairman must be","1942-12-07","1942","12","07","Moley_newsweek_1942-12-07_20_23.txt"
"241","experienced in politics and must come from the Midwest or West. Circum-","1942-12-07","1942","12","07","Moley_newsweek_1942-12-07_20_23.txt"
"242","stances may alter these specifications, but now they seem pretty important. Most","1942-12-07","1942","12","07","Moley_newsweek_1942-12-07_20_23.txt"
"243","frequently mentioned is Werner W. Schroeder, national committeeman DECEMBER 7,'""1942 S. Patent","1942-12-07","1942","12","07","Moley_newsweek_1942-12-07_20_23.txt"
"244","Office Chairmen MOLEY of Illinois, who, since 1940, has presided over a","1942-12-07","1942","12","07","Moley_newsweek_1942-12-07_20_23.txt"
"245","sort of renaissance of Republican- ism in his state. He is pretty","1942-12-07","1942","12","07","Moley_newsweek_1942-12-07_20_23.txt"
"246","violently opposed by Willkie friends, however, because they say he is too","1942-12-07","1942","12","07","Moley_newsweek_1942-12-07_20_23.txt"
"247","close to the McCormick-Brooks people. This opposi- tion may turn the choice","1942-12-07","1942","12","07","Moley_newsweek_1942-12-07_20_23.txt"
"248","elsewhere. There is a strong call for Alf M. Landon, who is","1942-12-07","1942","12","07","Moley_newsweek_1942-12-07_20_23.txt"
"249","reluctant to serve. Other possibilities are national committeemen Harrison E. Spangler of","1942-12-07","1942","12","07","Moley_newsweek_1942-12-07_20_23.txt"
"250","Iowa, Ralph H. Cake of Oregon and Sinclair Weeks of Massachusetts. Likewise","1942-12-07","1942","12","07","Moley_newsweek_1942-12-07_20_23.txt"
"251","John Hollister of Ohio, former congressman and law partner of Senator Taft.","1942-12-07","1942","12","07","Moley_newsweek_1942-12-07_20_23.txt"
"252","The chances that the committee will go completely outside the party organization","1942-12-07","1942","12","07","Moley_newsweek_1942-12-07_20_23.txt"
"253","to select some well-known businessman are ex- ceedingly slim. After an insistent","1942-12-07","1942","12","07","Moley_newsweek_1942-12-07_20_23.txt"
"254","demand by Mr. Willkie a statement on foreign affairs was adopted at","1942-12-07","1942","12","07","Moley_newsweek_1942-12-07_20_23.txt"
"255","the April meeting of the Republican National Committee. This time there is","1942-12-07","1942","12","07","Moley_newsweek_1942-12-07_20_23.txt"
"256","little demand for statements of party policy. That is fortunate because the","1942-12-07","1942","12","07","Moley_newsweek_1942-12-07_20_23.txt"
"257","making of any resolution on national policy by the national committee is","1942-12-07","1942","12","07","Moley_newsweek_1942-12-07_20_23.txt"
"258","an impropriety. It has no legal power to bind the party. The","1942-12-07","1942","12","07","Moley_newsweek_1942-12-07_20_23.txt"
"259","convention, does that. The com- mittee s job is to keep the","1942-12-07","1942","12","07","Moley_newsweek_1942-12-07_20_23.txt"
"260","national party alive between Presidential cam- paigns, to prepare for the convention","1942-12-07","1942","12","07","Moley_newsweek_1942-12-07_20_23.txt"
"261","and the campaign, to raise money, to conduct research on national affairs","1942-12-07","1942","12","07","Moley_newsweek_1942-12-07_20_23.txt"
"262","and to maintain contact with state and local organizations. Mr. Willkie s","1942-12-07","1942","12","07","Moley_newsweek_1942-12-07_20_23.txt"
"263","influence in the forth- coming meeting will be of some im- portance.","1942-12-07","1942","12","07","Moley_newsweek_1942-12-07_20_23.txt"
"264","But it will not be decisive. The 1940 candidate will, it is","1942-12-07","1942","12","07","Moley_newsweek_1942-12-07_20_23.txt"
"265","said, con- trol not over a quarter of the 106 members. The","1942-12-07","1942","12","07","Moley_newsweek_1942-12-07_20_23.txt"
"266","rift between him and the party organization is now pretty deep. But","1942-12-07","1942","12","07","Moley_newsweek_1942-12-07_20_23.txt"
"267","arguments among Republicans, while troublesome, are not signs of weakness. In 1920","1942-12-07","1942","12","07","Moley_newsweek_1942-12-07_20_23.txt"
"268","the Republican party emerged from years of internal conflict to win the","1942-12-07","1942","12","07","Moley_newsweek_1942-12-07_20_23.txt"
"269","election. In 19382, though the preconvention fight of the Democrats was bitter,","1942-12-07","1942","12","07","Moley_newsweek_1942-12-07_20_23.txt"
"270","they carried through tri- umphantly. The real test of the Re- publican","1942-12-07","1942","12","07","Moley_newsweek_1942-12-07_20_23.txt"
"271","party will be the performance of its 22 governors, it 209 members","1942-12-07","1942","12","07","Moley_newsweek_1942-12-07_20_23.txt"
"272","of the House and its $8 senators, not what its members say","1942-12-07","1942","12","07","Moley_newsweek_1942-12-07_20_23.txt"
"273","about each other.","1942-12-07","1942","12","07","Moley_newsweek_1942-12-07_20_23.txt"
"274","Perspective U.S. Registered Patent Light on an Old by Raymond Moley N","1956-08-13","1956","08","13","Moley_newsweek_1956-08-13_48_7.txt"
"275","wuHart history may call the great Stassen gaffe, the principal therein proposed","1956-08-13","1956","08","13","Moley_newsweek_1956-08-13_48_7.txt"
"276","to ignore the preferences of a great majority of Republican leaders and","1956-08-13","1956","08","13","Moley_newsweek_1956-08-13_48_7.txt"
"277","to present a ticket to please some people in the Republican Party,","1956-08-13","1956","08","13","Moley_newsweek_1956-08-13_48_7.txt"
"278","in labor, minorities, and independents and the independent people at home, important","1956-08-13","1956","08","13","Moley_newsweek_1956-08-13_48_7.txt"
"279","portions of the popu- lation abroad, and the uncommitted nations in the","1956-08-13","1956","08","13","Moley_newsweek_1956-08-13_48_7.txt"
"280","world. Only somewhat less befuddled are those who have been telling us","1956-08-13","1956","08","13","Moley_newsweek_1956-08-13_48_7.txt"
"281","for some years that Republicans should ignore their own party membership and","1956-08-13","1956","08","13","Moley_newsweek_1956-08-13_48_7.txt"
"282","prepare ticket and program to convert Demo- crats and to cozen independents.","1956-08-13","1956","08","13","Moley_newsweek_1956-08-13_48_7.txt"
"283","This conversion, ' ; ee popular these or perhaps reconversion. On the","1956-08-13","1956","08","13","Moley_newsweek_1956-08-13_48_7.txt"
"284","other hand, true masters of politics design political activity all the printing","1956-08-13","1956","08","13","Moley_newsweek_1956-08-13_48_7.txt"
"285","and oratory, all the piety and wit to inspire party members with","1956-08-13","1956","08","13","Moley_newsweek_1956-08-13_48_7.txt"
"286","confidence and to stir the sympathetic but lazy to get out and","1956-08-13","1956","08","13","Moley_newsweek_1956-08-13_48_7.txt"
"287","vote. strategy very days with people who, while paying lip service to","1956-08-13","1956","08","13","Moley_newsweek_1956-08-13_48_7.txt"
"288","the President, would at- tack the Republican Party assumes that there is","1956-08-13","1956","08","13","Moley_newsweek_1956-08-13_48_7.txt"
"289","a fixed number of Demo- crats and Republicans, with a decisive minority","1956-08-13","1956","08","13","Moley_newsweek_1956-08-13_48_7.txt"
"290","of so-called independents. The conclusion that they would have us draw is","1956-08-13","1956","08","13","Moley_newsweek_1956-08-13_48_7.txt"
"291","that the only way a candi- date on the Republican ticket can","1956-08-13","1956","08","13","Moley_newsweek_1956-08-13_48_7.txt"
"292","win is to look so much and talk so much like a","1956-08-13","1956","08","13","Moley_newsweek_1956-08-13_48_7.txt"
"293","liberal Democrat that voters will switch sides and elect him. This concept","1956-08-13","1956","08","13","Moley_newsweek_1956-08-13_48_7.txt"
"294","I have called the myth of a static electorate. The fallacy behind","1956-08-13","1956","08","13","Moley_newsweek_1956-08-13_48_7.txt"
"295","it is the idea that political action is concerned with INDEPENDENTS SCORNED","1956-08-13","1956","08","13","Moley_newsweek_1956-08-13_48_7.txt"
"296","The late Ed Flynn of the Bronx, up to the end F.D.R.","1956-08-13","1956","08","13","Moley_newsweek_1956-08-13_48_7.txt"
"297","s most intimate po- litical mentor, told me back in the 1930s","1956-08-13","1956","08","13","Moley_newsweek_1956-08-13_48_7.txt"
"298","that his strategy and Mr. Roosevelt s was to assume the loyalty","1956-08-13","1956","08","13","Moley_newsweek_1956-08-13_48_7.txt"
"299","of Democrats who had voted for the party before 1932 and to","1956-08-13","1956","08","13","Moley_newsweek_1956-08-13_48_7.txt"
"300","aim at peo- ple who had not been voting but who were","1956-08-13","1956","08","13","Moley_newsweek_1956-08-13_48_7.txt"
"301","radical in outlook. Flynn and Mr. Roosevelt scoffed at the idea of","1956-08-13","1956","08","13","Moley_newsweek_1956-08-13_48_7.txt"
"302","converting Republicans. They were people to attack, not flatter. Flynn scorned the","1956-08-13","1956","08","13","Moley_newsweek_1956-08-13_48_7.txt"
"303","idea of independents. I studied two British elections at firsthand, in 1950","1956-08-13","1956","08","13","Moley_newsweek_1956-08-13_48_7.txt"
"304","and 1955, and talked with many professional workers in both parties in","1956-08-13","1956","08","13","Moley_newsweek_1956-08-13_48_7.txt"
"305","England, Scotland, Fraud a Office and Wales. The lasting lesson | learned","1956-08-13","1956","08","13","Moley_newsweek_1956-08-13_48_7.txt"
"306","was that those realists paid little attention to opposition voters, They used","1956-08-13","1956","08","13","Moley_newsweek_1956-08-13_48_7.txt"
"307","their resources to get out every sympathizer, and many needed plenty of","1956-08-13","1956","08","13","Moley_newsweek_1956-08-13_48_7.txt"
"308","prodding. The contest was a matter of efficiency, and since there were","1956-08-13","1956","08","13","Moley_newsweek_1956-08-13_48_7.txt"
"309","twice as many professional Con- servative agents, the victory went to that","1956-08-13","1956","08","13","Moley_newsweek_1956-08-13_48_7.txt"
"310","party. It was left to the theorists in London and Oxford to","1956-08-13","1956","08","13","Moley_newsweek_1956-08-13_48_7.txt"
"311","believe that speeches were decisive. Independ- ents over there are contemptuously known","1956-08-13","1956","08","13","Moley_newsweek_1956-08-13_48_7.txt"
"312","as floaters. So far as I know, Billy Graham is not trying","1956-08-13","1956","08","13","Moley_newsweek_1956-08-13_48_7.txt"
"313","to turn Catholics and Jews into Methodists and Baptists, but to get","1956-08-13","1956","08","13","Moley_newsweek_1956-08-13_48_7.txt"
"314","at the unaffiliated. He is much too wise to call the unwashed","1956-08-13","1956","08","13","Moley_newsweek_1956-08-13_48_7.txt"
"315","and un- saved independent. MARKET FOR VOTES In 1952 Stevenson received about","1956-08-13","1956","08","13","Moley_newsweek_1956-08-13_48_7.txt"
"316","27 million votes, which is roughly the sum of Truman s (1948)","1956-08-13","1956","08","13","Moley_newsweek_1956-08-13_48_7.txt"
"317","24 million, Wallace s and Thurmond s (1948) 1 million each, and","1956-08-13","1956","08","13","Moley_newsweek_1956-08-13_48_7.txt"
"318","a million more new voters in old Democratic families. Mr. Eisenhower received","1956-08-13","1956","08","13","Moley_newsweek_1956-08-13_48_7.txt"
"319","Dewey s 22 mil- lion plus some millions who had been conservatively","1956-08-13","1956","08","13","Moley_newsweek_1956-08-13_48_7.txt"
"320","inclined but in- different in 1948, plus a number of new voters.","1956-08-13","1956","08","13","Moley_newsweek_1956-08-13_48_7.txt"
"321","Except in the South, there were few conversions. While the 1952 vote","1956-08-13","1956","08","13","Moley_newsweek_1956-08-13_48_7.txt"
"322","was large, there were and are somewhere around 40 million eligibles who","1956-08-13","1956","08","13","Moley_newsweek_1956-08-13_48_7.txt"
"323","failed to vote. That is the market for votes where either party","1956-08-13","1956","08","13","Moley_newsweek_1956-08-13_48_7.txt"
"324","may find a major- ity. Those nonvoting eligibles are not independent. They","1956-08-13","1956","08","13","Moley_newsweek_1956-08-13_48_7.txt"
"325","are merely inac- tive. Republicans may confidently assume that more that half","1956-08-13","1956","08","13","Moley_newsweek_1956-08-13_48_7.txt"
"326","of them are inclined to conservatism. The people who are talking about","1956-08-13","1956","08","13","Moley_newsweek_1956-08-13_48_7.txt"
"327","a static electorate also say that, since Democratic candidates for the House","1956-08-13","1956","08","13","Moley_newsweek_1956-08-13_48_7.txt"
"328","received in 1952 more votes than Re- oublican candidates, the Republican Party","1956-08-13","1956","08","13","Moley_newsweek_1956-08-13_48_7.txt"
"329","is a permanent minority. They fail to add that there were 93","1956-08-13","1956","08","13","Moley_newsweek_1956-08-13_48_7.txt"
"330","districts in which there were no contests and that 82 of them","1956-08-13","1956","08","13","Moley_newsweek_1956-08-13_48_7.txt"
"331","were Democratic. In all contested districts Republican can- didates were 3,282,000 votes","1956-08-13","1956","08","13","Moley_newsweek_1956-08-13_48_7.txt"
"332","ahead. Except in describing a single elec- tion, it is absurd to","1956-08-13","1956","08","13","Moley_newsweek_1956-08-13_48_7.txt"
"333","talk about minority or majority parties. The size of a party s","1956-08-13","1956","08","13","Moley_newsweek_1956-08-13_48_7.txt"
"334","vote is whatever zeal and hard work can make it. Newsweek, August","1956-08-13","1956","08","13","Moley_newsweek_1956-08-13_48_7.txt"
"335","13. 1956","1956-08-13","1956","08","13","Moley_newsweek_1956-08-13_48_7.txt"
"336","Perspective Registered U.S. Patent A Matter of Loyalty by Raymond os ANGELES","1956-09-10","1956","09","10","Moley_newsweek_1956-09-10_48_11.txt"
"337","In his Chicago accept- LE ance speech Adlai Stevenson said: The truth","1956-09-10","1956","09","10","Moley_newsweek_1956-09-10_48_11.txt"
"338","is that President Eisenhower, cynically coveted as a candidate but ignored as","1956-09-10","1956","09","10","Moley_newsweek_1956-09-10_48_11.txt"
"339","a leader, is largely indebted to Democrats in Congress for what accomplishments","1956-09-10","1956","09","10","Moley_newsweek_1956-09-10_48_11.txt"
"340","he can claim. The truth is in direct contradiction to this grave","1956-09-10","1956","09","10","Moley_newsweek_1956-09-10_48_11.txt"
"341","charge of disloyalty to the President against the Republican Party in Congress.","1956-09-10","1956","09","10","Moley_newsweek_1956-09-10_48_11.txt"
"342","Indeed, the candidate own charge by asserting, in the loose, fancy-free rhetoric","1956-09-10","1956","09","10","Moley_newsweek_1956-09-10_48_11.txt"
"343","which belies his in sixteen repetitions of the word leadership, that the","1956-09-10","1956","09","10","Moley_newsweek_1956-09-10_48_11.txt"
"344","President is no leader. We are therefore invited to believe that the","1956-09-10","1956","09","10","Moley_newsweek_1956-09-10_48_11.txt"
"345","Democrats in Congress have been following a ghostly nimbus. Also, Stevenson implies","1956-09-10","1956","09","10","Moley_newsweek_1956-09-10_48_11.txt"
"346","that he approves of the President's program. But self-contradictions are common is","1956-09-10","1956","09","10","Moley_newsweek_1956-09-10_48_11.txt"
"347","the pleasant adornment of capri- cious, disorderly. thinking. Let us ap- peal","1956-09-10","1956","09","10","Moley_newsweek_1956-09-10_48_11.txt"
"348","to the facts. The candidate made this charge of disloyalty on July","1956-09-10","1956","09","10","Moley_newsweek_1956-09-10_48_11.txt"
"349","14, citing as au- thority the Congressional Quarterly. I challenged that private","1956-09-10","1956","09","10","Moley_newsweek_1956-09-10_48_11.txt"
"350","information service in this space under date of July 16, and my","1956-09-10","1956","09","10","Moley_newsweek_1956-09-10_48_11.txt"
"351","piece has been in- serted in the Congressional Record with corroborative materials","1956-09-10","1956","09","10","Moley_newsweek_1956-09-10_48_11.txt"
"352","from Sen- ators Schoeppel, Margaret Chase Smith, and others. Moley ROLL-CALL ANALYSIS","1956-09-10","1956","09","10","Moley_newsweek_1956-09-10_48_11.txt"
"353","The respective chairmen of the Re- publican Senate and Congressional Campaign Committees","1956-09-10","1956","09","10","Moley_newsweek_1956-09-10_48_11.txt"
"354","have inserted in the Congressional Record of Aug. 17 and Aug. 20","1956-09-10","1956","09","10","Moley_newsweek_1956-09-10_48_11.txt"
"355","a complete analysis of all roll calls in both the 83rd and","1956-09-10","1956","09","10","Moley_newsweek_1956-09-10_48_11.txt"
"356","84th Congresses. This represents a monumental job of research which can be","1956-09-10","1956","09","10","Moley_newsweek_1956-09-10_48_11.txt"
"357","checked and audited for accuracy. This analysis shows that after elim- inating","1956-09-10","1956","09","10","Moley_newsweek_1956-09-10_48_11.txt"
"358","from the total roll calls in the two Congresses items which were","1956-09-10","1956","09","10","Moley_newsweek_1956-09-10_48_11.txt"
"359","merely procedural and organizational and also others which were not in the","1956-09-10","1956","09","10","Moley_newsweek_1956-09-10_48_11.txt"
"360","President s program, there were 675 with which we are evaluating Republican","1956-09-10","1956","09","10","Moley_newsweek_1956-09-10_48_11.txt"
"361","concerned in loyalty to the President. a On these, majority of Republicans","1956-09-10","1956","09","10","Moley_newsweek_1956-09-10_48_11.txt"
"362","in both houses in both Congresses opposed the President in 10 per","1956-09-10","1956","09","10","Moley_newsweek_1956-09-10_48_11.txt"
"363","cent of the cases. A majority of Democrats opposed the President in","1956-09-10","1956","09","10","Moley_newsweek_1956-09-10_48_11.txt"
"364","47 per cent of those cases. Office The analysis also shows that","1956-09-10","1956","09","10","Moley_newsweek_1956-09-10_48_11.txt"
"365","in all Eisenhower issues in both houses, the Republicans supplied 59 per","1956-09-10","1956","09","10","Moley_newsweek_1956-09-10_48_11.txt"
"366","cent of all votes cast for the program, and the Democrats 41","1956-09-10","1956","09","10","Moley_newsweek_1956-09-10_48_11.txt"
"367","per cent of those votes. Putting it another way, the record shows","1956-09-10","1956","09","10","Moley_newsweek_1956-09-10_48_11.txt"
"368","that the Democrats supplied 71 per cent of all opposition votes and","1956-09-10","1956","09","10","Moley_newsweek_1956-09-10_48_11.txt"
"369","the Republicans only 29 per cent. There were 345 House and Senate","1956-09-10","1956","09","10","Moley_newsweek_1956-09-10_48_11.txt"
"370","roll calls or 51 per cent of the 675 Eisenhower roll calls","1956-09-10","1956","09","10","Moley_newsweek_1956-09-10_48_11.txt"
"371","on which a ma- jority of both parties were not united behind","1956-09-10","1956","09","10","Moley_newsweek_1956-09-10_48_11.txt"
"372","President Eisenhower's pro- gram. These include the 10 per cent of the","1956-09-10","1956","09","10","Moley_newsweek_1956-09-10_48_11.txt"
"373","roll calls in which a majority of Republicans were opposed to the","1956-09-10","1956","09","10","Moley_newsweek_1956-09-10_48_11.txt"
"374","President s program. Yet even after in- cluding those, the Republicans sup-","1956-09-10","1956","09","10","Moley_newsweek_1956-09-10_48_11.txt"
"375","plied 75 per cent of all the favorable votes on those 345","1956-09-10","1956","09","10","Moley_newsweek_1956-09-10_48_11.txt"
"376","roll calls, and the Democrats only 25 per cent. Of the opposition","1956-09-10","1956","09","10","Moley_newsweek_1956-09-10_48_11.txt"
"377","votes, the Democrats sup- plied 75 per cent, and the Republi- cans,","1956-09-10","1956","09","10","Moley_newsweek_1956-09-10_48_11.txt"
"378","25 per cent. NATURE OF ISSUES Moreover, in the detailed informa- tion","1956-09-10","1956","09","10","Moley_newsweek_1956-09-10_48_11.txt"
"379","offered in the study concerning the nature of the issues in which","1956-09-10","1956","09","10","Moley_newsweek_1956-09-10_48_11.txt"
"380","some Democratic votes were necessary to win for the President, a _","1956-09-10","1956","09","10","Moley_newsweek_1956-09-10_48_11.txt"
"381","very considerable proportion involved the - Eisenhower-Benson agricultural poli- cies and a","1956-09-10","1956","09","10","Moley_newsweek_1956-09-10_48_11.txt"
"382","conflicting farm program of the Democrats. Others had to do with spending","1956-09-10","1956","09","10","Moley_newsweek_1956-09-10_48_11.txt"
"383","items in which the President had the support of economy-minded Democrats. It","1956-09-10","1956","09","10","Moley_newsweek_1956-09-10_48_11.txt"
"384","comes with poor grace for the candidate of a party dedi- cated","1956-09-10","1956","09","10","Moley_newsweek_1956-09-10_48_11.txt"
"385","to overturning the Eisenhower- Benson farm program and to more spending to","1956-09-10","1956","09","10","Moley_newsweek_1956-09-10_48_11.txt"
"386","claim credit for these. An examination of those roll calls in which","1956-09-10","1956","09","10","Moley_newsweek_1956-09-10_48_11.txt"
"387","a majority of Republicans supported and a majority of Demo- crats opposed","1956-09-10","1956","09","10","Moley_newsweek_1956-09-10_48_11.txt"
"388","the President shows that the President won in 75 per cent of","1956-09-10","1956","09","10","Moley_newsweek_1956-09-10_48_11.txt"
"389","the cases in the Republican 83rd Congress and in only 41 per","1956-09-10","1956","09","10","Moley_newsweek_1956-09-10_48_11.txt"
"390","cent of the cases in the Democratic 84th Con- gress. That forcefully","1956-09-10","1956","09","10","Moley_newsweek_1956-09-10_48_11.txt"
"391","illustrates why the President is asking for a Republi- can Congress. }/","1956-09-10","1956","09","10","Moley_newsweek_1956-09-10_48_11.txt"
"392","aT This record of loyalty is certainly ° bright in contrast with","1956-09-10","1956","09","10","Moley_newsweek_1956-09-10_48_11.txt"
"393","the troubled relations between the President and his party in Congress in","1956-09-10","1956","09","10","Moley_newsweek_1956-09-10_48_11.txt"
"394","the second: Roosevelt term and in 81st and 82nd: Congresses in Truman","1956-09-10","1956","09","10","Moley_newsweek_1956-09-10_48_11.txt"
"395","s years. Newsweek, September . 10, 1956 i","1956-09-10","1956","09","10","Moley_newsweek_1956-09-10_48_11.txt"
"396","Perspective Registered U.S. Patent The Power to by Raymond Moley HAT canny","1956-10-22","1956","10","22","Moley_newsweek_1956-10-22_48_17.txt"
"397","maestro, James A. along says that of all the is- sues with","1956-10-22","1956","10","22","Moley_newsweek_1956-10-22_48_17.txt"
"398","which he hopes to elevate Adlai Stevenson to the White House, big","1956-10-22","1956","10","22","Moley_newsweek_1956-10-22_48_17.txt"
"399","business is the most valuable. And so _ the Stevenson-Kefauver theme is","1956-10-22","1956","10","22","Moley_newsweek_1956-10-22_48_17.txt"
"400","that the bigs are the deadly enemies of the smalls, driving some","1956-10-22","1956","10","22","Moley_newsweek_1956-10-22_48_17.txt"
"401","into bankruptcy and devouring others by mergers. The Eisenhower Admin- istration, they","1956-10-22","1956","10","22","Moley_newsweek_1956-10-22_48_17.txt"
"402","say, views that devas- tation with cold satisfaction. The Administration, says Adlai,","1956-10-22","1956","10","22","Moley_newsweek_1956-10-22_48_17.txt"
"403","has the corporate mind and is pushing all of us into the","1956-10-22","1956","10","22","Moley_newsweek_1956-10-22_48_17.txt"
"404","maw of the concentrated power of finance and _ industry. Kefauver is","1956-10-22","1956","10","22","Moley_newsweek_1956-10-22_48_17.txt"
"405","even more virulent. litical Education. The negative role of attack rests with","1956-10-22","1956","10","22","Moley_newsweek_1956-10-22_48_17.txt"
"406","the Stevenson-Kefauver team. The Finnegan-Butler plan leaves the job of capturing a","1956-10-22","1956","10","22","Moley_newsweek_1956-10-22_48_17.txt"
"407","Democratic Congress to the AFL-CIO Committee on Po- No doubt, if COPE","1956-10-22","1956","10","22","Moley_newsweek_1956-10-22_48_17.txt"
"408","achieves that, the Democratic organ- ization will permit the political arms of","1956-10-22","1956","10","22","Moley_newsweek_1956-10-22_48_17.txt"
"409","unions to propose the program. It is clear that after this campaign,","1956-10-22","1956","10","22","Moley_newsweek_1956-10-22_48_17.txt"
"410","in which big business has been the major issue, the proposals in","1956-10-22","1956","10","22","Moley_newsweek_1956-10-22_48_17.txt"
"411","Congress will be designed to punish and de- stroy big business by","1956-10-22","1956","10","22","Moley_newsweek_1956-10-22_48_17.txt"
"412","measures mainly in the field of taxation. For the New Deal long","1956-10-22","1956","10","22","Moley_newsweek_1956-10-22_48_17.txt"
"413","ago established taxation as the chief means of achieving eco- nomic and","1956-10-22","1956","10","22","Moley_newsweek_1956-10-22_48_17.txt"
"414","social reform. The so-called liberals in Congress, including that very large group","1956-10-22","1956","10","22","Moley_newsweek_1956-10-22_48_17.txt"
"415","which has been and will be elected by: the multitudinous REFORM workers","1956-10-22","1956","10","22","Moley_newsweek_1956-10-22_48_17.txt"
"416","of COPE, will be determined to overhaul or repeal the Comprehensive Revenue","1956-10-22","1956","10","22","Moley_newsweek_1956-10-22_48_17.txt"
"417","Act of 1954. The AFL-CIO Resolution on Economic Issues, adopted by the","1956-10-22","1956","10","22","Moley_newsweek_1956-10-22_48_17.txt"
"418","first constitutional convention of the merged federations in December 1955, specified the","1956-10-22","1956","10","22","Moley_newsweek_1956-10-22_48_17.txt"
"419","program for which COPE will drive. First priority in tax cuts, it","1956-10-22","1956","10","22","Moley_newsweek_1956-10-22_48_17.txt"
"420","states, shall be given to reduction of excise taxes, an increase ir","1956-10-22","1956","10","22","Moley_newsweek_1956-10-22_48_17.txt"
"421","the individual income-tax exemp- ticns from the present level of $600, and","1956-10-22","1956","10","22","Moley_newsweek_1956-10-22_48_17.txt"
"422","a reduction of the 20 per cent rate for at least part","1956-10-22","1956","10","22","Moley_newsweek_1956-10-22_48_17.txt"
"423","of the first $2,000_ of taxable income. In corporation taxes, the resolution","1956-10-22","1956","10","22","Moley_newsweek_1956-10-22_48_17.txt"
"424","says, the present level of 52 per cent should be maintained for","1956-10-22","1956","10","22","Moley_newsweek_1956-10-22_48_17.txt"
"425","at least an- other year. Then there should be Office Destroy In","1956-10-22","1956","10","22","Moley_newsweek_1956-10-22_48_17.txt"
"426","addition, the AFL-CIO seems to favor the progressive corporation shift in the","1956-10-22","1956","10","22","Moley_newsweek_1956-10-22_48_17.txt"
"427","normal and surtax rates to ease the burden on sma!l corporations. Next,","1956-10-22","1956","10","22","Moley_newsweek_1956-10-22_48_17.txt"
"428","there should be a drive to close loopholes by repealing the small","1956-10-22","1956","10","22","Moley_newsweek_1956-10-22_48_17.txt"
"429","1954 dividend relief, repealing the new depreciation provision of the 1954 act,","1956-10-22","1956","10","22","Moley_newsweek_1956-10-22_48_17.txt"
"430","abolishing income-splitting by husband and wife, tightening the capital-gains tax by lengthening","1956-10-22","1956","10","22","Moley_newsweek_1956-10-22_48_17.txt"
"431","the period of long-range gains and by in- creasing the rate considerably,","1956-10-22","1956","10","22","Moley_newsweek_1956-10-22_48_17.txt"
"432","tight- ening the estate- and gift-tax structure, and repealing the tax-exempt status","1956-10-22","1956","10","22","Moley_newsweek_1956-10-22_48_17.txt"
"433","of state and local bonds. principle in taxes. FALSE ANALOGY Congressman Patman","1956-10-22","1956","10","22","Moley_newsweek_1956-10-22_48_17.txt"
"434","has a bill all ready to accomplish the latter objec- tive. It","1956-10-22","1956","10","22","Moley_newsweek_1956-10-22_48_17.txt"
"435","would raise the surtax exemption from its present $25,000 to $100,000, and","1956-10-22","1956","10","22","Moley_newsweek_1956-10-22_48_17.txt"
"436","after that graduate the rates up to 75 per cent. Patman sup-","1956-10-22","1956","10","22","Moley_newsweek_1956-10-22_48_17.txt"
"437","ports his plan with a false analogy. He says that if there","1956-10-22","1956","10","22","Moley_newsweek_1956-10-22_48_17.txt"
"438","is to be a graduated tax on individual incomes there should be","1956-10-22","1956","10","22","Moley_newsweek_1956-10-22_48_17.txt"
"439","one on corporations. But our largest corporations are owned in consider- able","1956-10-22","1956","10","22","Moley_newsweek_1956-10-22_48_17.txt"
"440","part by small stockholders, and some little companies are owned by very","1956-10-22","1956","10","22","Moley_newsweek_1956-10-22_48_17.txt"
"441","rich people. Our five largest cor- porations have 3 million stockholders. Under","1956-10-22","1956","10","22","Moley_newsweek_1956-10-22_48_17.txt"
"442","such a graduated corpora- tion tax there would be restriction of growth,","1956-10-22","1956","10","22","Moley_newsweek_1956-10-22_48_17.txt"
"443","higher prices for products, and the breakup of large companies. The time","1956-10-22","1956","10","22","Moley_newsweek_1956-10-22_48_17.txt"
"444","for business management to meet this sort of threat is here and","1956-10-22","1956","10","22","Moley_newsweek_1956-10-22_48_17.txt"
"445","now. a a Management must take a lesson from COPE and provide","1956-10-22","1956","10","22","Moley_newsweek_1956-10-22_48_17.txt"
"446","manpower in the precincts to help elect members of Congress who have","1956-10-22","1956","10","22","Moley_newsweek_1956-10-22_48_17.txt"
"447","been unwilling to bow their heads to a single interest such as","1956-10-22","1956","10","22","Moley_newsweek_1956-10-22_48_17.txt"
"448","COPE. Chief Justice Marshall, borrowing a sentence from Daniel Webster, said: The","1956-10-22","1956","10","22","Moley_newsweek_1956-10-22_48_17.txt"
"449","power to tax involves the power to destroy. If under the leadership","1956-10-22","1956","10","22","Moley_newsweek_1956-10-22_48_17.txt"
"450","of COPE, victorious in the coming elec- tion, the Congress sets to","1956-10-22","1956","10","22","Moley_newsweek_1956-10-22_48_17.txt"
"451","work to make good on the reckless, irrespon- sible, vindictive attacks of","1956-10-22","1956","10","22","Moley_newsweek_1956-10-22_48_17.txt"
"452","Stevenson- Kefauver, the smalls as well as the bigs may well be","1956-10-22","1956","10","22","Moley_newsweek_1956-10-22_48_17.txt"
"453","destroyed. Higher costs, higher prices, paralysis of in- vestment and technological progress,","1956-10-22","1956","10","22","Moley_newsweek_1956-10-22_48_17.txt"
"454","bankruptcy, more mergers, and fewer jobs may well be the harvest. Newsweek,","1956-10-22","1956","10","22","Moley_newsweek_1956-10-22_48_17.txt"
"455","October 22, 1956/","1956-10-22","1956","10","22","Moley_newsweek_1956-10-22_48_17.txt"
"456","Perspective Registered U.S Patent While Time by Raymond T May be of","1956-11-05","1956","11","05","Moley_newsweek_1956-11-05_48_19.txt"
"457","passing interest to I reader of this piece that since the issue","1956-11-05","1956","11","05","Moley_newsweek_1956-11-05_48_19.txt"
"458","of April 2 I have made only passing reference or two in","1956-11-05","1956","11","05","Moley_newsweek_1956-11-05_48_19.txt"
"459","these essays to Adlai Stevenson or his col- laborator, Estes Kefauver. At","1956-11-05","1956","11","05","Moley_newsweek_1956-11-05_48_19.txt"
"460","that time, under the title Fragile States- man, it seemed that I","1956-11-05","1956","11","05","Moley_newsweek_1956-11-05_48_19.txt"
"461","had written all that need be said. Among other things, there was","1956-11-05","1956","11","05","Moley_newsweek_1956-11-05_48_19.txt"
"462","this sentence: It was probably destined, when nature wove together the strands","1956-11-05","1956","11","05","Moley_newsweek_1956-11-05_48_19.txt"
"463","that be- came the personality of Adlai Stevenson, that at some disputed","1956-11-05","1956","11","05","Moley_newsweek_1956-11-05_48_19.txt"
"464","bar- ricade his rendezvous would be not with glory but with bitter","1956-11-05","1956","11","05","Moley_newsweek_1956-11-05_48_19.txt"
"465","frustration. Perhaps that is where, on the eve of the election, we","1956-11-05","1956","11","05","Moley_newsweek_1956-11-05_48_19.txt"
"466","should leave the subject. My neglect of the Democratic can- didate was","1956-11-05","1956","11","05","Moley_newsweek_1956-11-05_48_19.txt"
"467","not merely because of feeling that he lacked what it took, but","1956-11-05","1956","11","05","Moley_newsweek_1956-11-05_48_19.txt"
"468","also because there have been two parties of opposition in this cam-","1956-11-05","1956","11","05","Moley_newsweek_1956-11-05_48_19.txt"
"469","paign the Stevenson-Kefauver front and the vastly more concentrated and portentous drive","1956-11-05","1956","11","05","Moley_newsweek_1956-11-05_48_19.txt"
"470","of an organized effort by the AFL-CIO Committee on Po- litical Education","1956-11-05","1956","11","05","Moley_newsweek_1956-11-05_48_19.txt"
"471","and its egghead shadow, the ADA, to elect members of Congress. The","1956-11-05","1956","11","05","Moley_newsweek_1956-11-05_48_19.txt"
"472","nominal party affili- ation of such members would Democratic, but their obligation","1956-11-05","1956","11","05","Moley_newsweek_1956-11-05_48_19.txt"
"473","would be to COPE. As it seems now, the name Stevenson will","1956-11-05","1956","11","05","Moley_newsweek_1956-11-05_48_19.txt"
"474","fade back among those shadows in which there lives his grandfather together","1956-11-05","1956","11","05","Moley_newsweek_1956-11-05_48_19.txt"
"475","with James Middleton Cox and Alton Brooks Parker. If by chance he","1956-11-05","1956","11","05","Moley_newsweek_1956-11-05_48_19.txt"
"476","es- capes their fate, his obligation will be due to strength borrowed","1956-11-05","1956","11","05","Moley_newsweek_1956-11-05_48_19.txt"
"477","from local candidates with strong organiza- tions and coattails broad enough sustain","1956-11-05","1956","11","05","Moley_newsweek_1956-11-05_48_19.txt"
"478","the burden of his inadequacy. DEMOCRATIC FUTURE There is more of Walter","1956-11-05","1956","11","05","Moley_newsweek_1956-11-05_48_19.txt"
"479","Reuther in the future of the Democratic Party than of any of","1956-11-05","1956","11","05","Moley_newsweek_1956-11-05_48_19.txt"
"480","the characters now re- garded as its official ornaments. For Reuther and","1956-11-05","1956","11","05","Moley_newsweek_1956-11-05_48_19.txt"
"481","his associates have what none of them have neither senators nor governors","1956-11-05","1956","11","05","Moley_newsweek_1956-11-05_48_19.txt"
"482","nor local statesmen importance: A powerful organization limited by no state lines,","1956-11-05","1956","11","05","Moley_newsweek_1956-11-05_48_19.txt"
"483","with ten- tacles over the nation, and flush with money and captive","1956-11-05","1956","11","05","Moley_newsweek_1956-11-05_48_19.txt"
"484","workers. In eight articles in this space I have attempted to describe","1956-11-05","1956","11","05","Moley_newsweek_1956-11-05_48_19.txt"
"485","the potential of COPE, its methods and objectives, Office Remains Moley a","1956-11-05","1956","11","05","Moley_newsweek_1956-11-05_48_19.txt"
"486","a a be to ¥. and the extent to which it has","1956-11-05","1956","11","05","Moley_newsweek_1956-11-05_48_19.txt"
"487","in- fused itself into the soft, pervious organism that is the Democratic","1956-11-05","1956","11","05","Moley_newsweek_1956-11-05_48_19.txt"
"488","Party in the states. I have shown how in the 37 states","1956-11-05","1956","11","05","Moley_newsweek_1956-11-05_48_19.txt"
"489","outside the South Demo- cratic senators have toed the COPE line to","1956-11-05","1956","11","05","Moley_newsweek_1956-11-05_48_19.txt"
"490","the extent of 73 per cent, while members of the House have","1956-11-05","1956","11","05","Moley_newsweek_1956-11-05_48_19.txt"
"491","made an 80 per cent score. Even such allegedly independent figures as","1956-11-05","1956","11","05","Moley_newsweek_1956-11-05_48_19.txt"
"492","Kennedy of Massachusetts and Pastore of Rhode Island deviated only to vote","1956-11-05","1956","11","05","Moley_newsweek_1956-11-05_48_19.txt"
"493","against 90 per cent parity, a matter of no importance to their","1956-11-05","1956","11","05","Moley_newsweek_1956-11-05_48_19.txt"
"494","constituents. The circumstance that impends, who- ever wins the Presidency, is the","1956-11-05","1956","11","05","Moley_newsweek_1956-11-05_48_19.txt"
"495","ultimate transformation of the Demo- cratic Party into a British-model So- cialist-labor","1956-11-05","1956","11","05","Moley_newsweek_1956-11-05_48_19.txt"
"496","party. In short, what happened to the Liberal: Party in Britain 30","1956-11-05","1956","11","05","Moley_newsweek_1956-11-05_48_19.txt"
"497","years ago is the fate that almost certainly lies in the future","1956-11-05","1956","11","05","Moley_newsweek_1956-11-05_48_19.txt"
"498","of the party of Jefferson and Wilson. DISFRANCHISED There will be plenty","1956-11-05","1956","11","05","Moley_newsweek_1956-11-05_48_19.txt"
"499","of time after the election to discuss the necessity of reconstructing the","1956-11-05","1956","11","05","Moley_newsweek_1956-11-05_48_19.txt"
"500","Republican Party to provide a genuine alterna- tive to this new party.","1956-11-05","1956","11","05","Moley_newsweek_1956-11-05_48_19.txt"
"501","My concern here, with only a few days before election, is to","1956-11-05","1956","11","05","Moley_newsweek_1956-11-05_48_19.txt"
"502","underline the extreme importance, despite the deadly opiate of confidence, of getting","1956-11-05","1956","11","05","Moley_newsweek_1956-11-05_48_19.txt"
"503","out the vote for conservative candidates for the House and Senate and","1956-11-05","1956","11","05","Moley_newsweek_1956-11-05_48_19.txt"
"504","for the State Legislatures. For every vote cast for them is not","1956-11-05","1956","11","05","Moley_newsweek_1956-11-05_48_19.txt"
"505","only another vote for the national ticket but an assist for candi-","1956-11-05","1956","11","05","Moley_newsweek_1956-11-05_48_19.txt"
"506","dates who are fighting an uneven contest with little organized support on","1956-11-05","1956","11","05","Moley_newsweek_1956-11-05_48_19.txt"
"507","their side. It is true that millions of potential voters are not","1956-11-05","1956","11","05","Moley_newsweek_1956-11-05_48_19.txt"
"508","registered and cannot vote at the election. But the figures for 1952","1956-11-05","1956","11","05","Moley_newsweek_1956-11-05_48_19.txt"
"509","show that 14,680,000 regis- of tered voters failed to cast a ballot","1956-11-05","1956","11","05","Moley_newsweek_1956-11-05_48_19.txt"
"510","on Election Day. In some states the ab- senteeism was appalling. In","1956-11-05","1956","11","05","Moley_newsweek_1956-11-05_48_19.txt"
"511","California there were 856,000; in Illinois, 822,000; in Missouri, 607,000; in New","1956-11-05","1956","11","05","Moley_newsweek_1956-11-05_48_19.txt"
"512","York, 695,000; in Ohio, 1,299,000; in Texas, 261,000; in Wisconsin, 592,000. This","1956-11-05","1956","11","05","Moley_newsweek_1956-11-05_48_19.txt"
"513","year these numbers will be larger. They can easily spell the dif-","1956-11-05","1956","11","05","Moley_newsweek_1956-11-05_48_19.txt"
"514","ference between victory and defeut for dozens of candidates. There is stil!","1956-11-05","1956","11","05","Moley_newsweek_1956-11-05_48_19.txt"
"515","time to see that these millions of Americans do not deliberately franchise","1956-11-05","1956","11","05","Moley_newsweek_1956-11-05_48_19.txt"
"516","themselves. dis- Newsweek, November 5, 1956","1956-11-05","1956","11","05","Moley_newsweek_1956-11-05_48_19.txt"
"517","Perspective U.S. Patent Registered Ike s Fateful by Raymond Moley HORTLY after","1956-12-10","1956","12","10","Moley_newsweek_1956-12-10_48_24.txt"
"518","the election, the AP quoted some anonymous bureau- crat to the effect","1956-12-10","1956","12","10","Moley_newsweek_1956-12-10_48_24.txt"
"519","that at The Vice Presidential and Cabinet level there would now be","1956-12-10","1956","12","10","Moley_newsweek_1956-12-10_48_24.txt"
"520","a long, hard look at the Administration s power policies. This has","1956-12-10","1956","12","10","Moley_newsweek_1956-12-10_48_24.txt"
"521","been interpreted to mean that because of the defeat of Re- publican","1956-12-10","1956","12","10","Moley_newsweek_1956-12-10_48_24.txt"
"522","candidates for the Senate in Oregon, Washington, and Idaho the Administration may","1956-12-10","1956","12","10","Moley_newsweek_1956-12-10_48_24.txt"
"523","scuttle its partnership policy and favor heavy spending for Federal projects in","1956-12-10","1956","12","10","Moley_newsweek_1956-12-10_48_24.txt"
"524","those states. Interior Secretary Seaton has since asserted that there is no","1956-12-10","1956","12","10","Moley_newsweek_1956-12-10_48_24.txt"
"525","reason to inflict the whole burden of financ- ing those projects on","1956-12-10","1956","12","10","Moley_newsweek_1956-12-10_48_24.txt"
"526","the Federal government whenever and wherever non-Federal interests are willing to assume","1956-12-10","1956","12","10","Moley_newsweek_1956-12-10_48_24.txt"
"527","a share. This will be a major test for a Presi- dent","1956-12-10","1956","12","10","Moley_newsweek_1956-12-10_48_24.txt"
"528","whose popular majority should provide an unparalleled opportunity to protect the Treasury","1956-12-10","1956","12","10","Moley_newsweek_1956-12-10_48_24.txt"
"529","and the tax- payers of all states from minority pres- sures. The","1956-12-10","1956","12","10","Moley_newsweek_1956-12-10_48_24.txt"
"530","ultimate decision of the President will be a measure of the depth","1956-12-10","1956","12","10","Moley_newsweek_1956-12-10_48_24.txt"
"531","of his convictions, the strength of his will to resist pressures from","1956-12-10","1956","12","10","Moley_newsweek_1956-12-10_48_24.txt"
"532","even his close associates, and his in- terest in relieving the pressure","1956-12-10","1956","12","10","Moley_newsweek_1956-12-10_48_24.txt"
"533","of tax- ation on all Americans East, South, There is plenty of","1956-12-10","1956","12","10","Moley_newsweek_1956-12-10_48_24.txt"
"534","evidence that the people of the Northwest are not opposed EVIDENCE West,","1956-12-10","1956","12","10","Moley_newsweek_1956-12-10_48_24.txt"
"535","and North. Two questions arise: Did the voters in the three states","1956-12-10","1956","12","10","Moley_newsweek_1956-12-10_48_24.txt"
"536","concerned really oppose the partner- ship policy? Whether they did or did","1956-12-10","1956","12","10","Moley_newsweek_1956-12-10_48_24.txt"
"537","not, is it fair and just to compel all taxpayers to meet","1956-12-10","1956","12","10","Moley_newsweek_1956-12-10_48_24.txt"
"538","the demands of three states for expenditures which private investors are willing","1956-12-10","1956","12","10","Moley_newsweek_1956-12-10_48_24.txt"
"539","to assume? to private investors sharing the burden of developing hydroelec- tric","1956-12-10","1956","12","10","Moley_newsweek_1956-12-10_48_24.txt"
"540","power in the Columbia Basin. While Senator Neuberger was being elected in","1956-12-10","1956","12","10","Moley_newsweek_1956-12-10_48_24.txt"
"541","Oregon in 1954, the voters of three Oregon counties voted against the","1956-12-10","1956","12","10","Moley_newsweek_1956-12-10_48_24.txt"
"542","establishment of public-utility dis- tricts. Not a single referendum in any county","1956-12-10","1956","12","10","Moley_newsweek_1956-12-10_48_24.txt"
"543","in Oregon since 1940 has voted for public power. During the recent","1956-12-10","1956","12","10","Moley_newsweek_1956-12-10_48_24.txt"
"544","campaign a poll taken in Washington indicated a 3-to-1 preference for partnership.","1956-12-10","1956","12","10","Moley_newsweek_1956-12-10_48_24.txt"
"545","In another survey, in the state of Oregon, power voters only fifth","1956-12-10","1956","12","10","Moley_newsweek_1956-12-10_48_24.txt"
"546","among listed public six issues. Office Choice tion Day. In Montana, however,","1956-12-10","1956","12","10","Moley_newsweek_1956-12-10_48_24.txt"
"547","a most vociferous public-power advo- cate was defeated for governor. OF NATIONAL","1956-12-10","1956","12","10","Moley_newsweek_1956-12-10_48_24.txt"
"548","INTEREST But the case for local and private participation in further hydroelectric","1956-12-10","1956","12","10","Moley_newsweek_1956-12-10_48_24.txt"
"549","projects in the Northwest should not rest merely upon the preferences of","1956-12-10","1956","12","10","Moley_newsweek_1956-12-10_48_24.txt"
"550","the states immediately concerned. There is no valid reason in morals or","1956-12-10","1956","12","10","Moley_newsweek_1956-12-10_48_24.txt"
"551","national policy why the 40-odd other states of the union should be","1956-12-10","1956","12","10","Moley_newsweek_1956-12-10_48_24.txt"
"552","taxed for the Northwest when there is avail- able plenty of private","1956-12-10","1956","12","10","Moley_newsweek_1956-12-10_48_24.txt"
"553","investors capital to bear a share. Industry will be the lure of","1956-12-10","1956","12","10","Moley_newsweek_1956-12-10_48_24.txt"
"554","subsidized Federal power. Vast sums have already been spent by the Federal","1956-12-10","1956","12","10","Moley_newsweek_1956-12-10_48_24.txt"
"555","government in the Columbia Basin. Approximately 40 per cent of the money","1956-12-10","1956","12","10","Moley_newsweek_1956-12-10_48_24.txt"
"556","spent by Congress for hydroelectric projects in the past ten years has","1956-12-10","1956","12","10","Moley_newsweek_1956-12-10_48_24.txt"
"557","gone to the Northwest. It has averaged $150 million a year. Twice","1956-12-10","1956","12","10","Moley_newsweek_1956-12-10_48_24.txt"
"558","that amount annually will be needed to provide an adequate sup- ply","1956-12-10","1956","12","10","Moley_newsweek_1956-12-10_48_24.txt"
"559","of power in that region. It is simply not possible to expect","1956-12-10","1956","12","10","Moley_newsweek_1956-12-10_48_24.txt"
"560","Congress to grant any such sums to a few states, because indoctrinated,","1956-12-10","1956","12","10","Moley_newsweek_1956-12-10_48_24.txt"
"561","and mobilized on Elec- drawn from the East and Midwest by What","1956-12-10","1956","12","10","Moley_newsweek_1956-12-10_48_24.txt"
"562","has really happened has been the penetration and invigoration of the Democratic","1956-12-10","1956","12","10","Moley_newsweek_1956-12-10_48_24.txt"
"563","Party in both Oregon and Washington by the political ma- chines of","1956-12-10","1956","12","10","Moley_newsweek_1956-12-10_48_24.txt"
"564","labor unions. There was also the introduction into the Idaho cam- paign","1956-12-10","1956","12","10","Moley_newsweek_1956-12-10_48_24.txt"
"565","of Eastern money to defeat Senator Welker. In Oregon there were large","1956-12-10","1956","12","10","Moley_newsweek_1956-12-10_48_24.txt"
"566","sums of labor-union money plus workers from outside the state to re-elect","1956-12-10","1956","12","10","Moley_newsweek_1956-12-10_48_24.txt"
"567","Morse. In Washington the thousands of workers in and around Hanford and","1956-12-10","1956","12","10","Moley_newsweek_1956-12-10_48_24.txt"
"568","in Seattle and Tacoma were thoroughly organized, politically Oregon, Washington, and Idaho","1956-12-10","1956","12","10","Moley_newsweek_1956-12-10_48_24.txt"
"569","combined pay less than 3 per cent of Federal income taxes. The","1956-12-10","1956","12","10","Moley_newsweek_1956-12-10_48_24.txt"
"570","complaint of the generality of the nation s taxpayers gains additional strength","1956-12-10","1956","12","10","Moley_newsweek_1956-12-10_48_24.txt"
"571","when it is noted that, unlike the impoverished 1930s when Bonne- ville","1956-12-10","1956","12","10","Moley_newsweek_1956-12-10_48_24.txt"
"572","and Grand Coulee were built, there is adequate money now avail- able","1956-12-10","1956","12","10","Moley_newsweek_1956-12-10_48_24.txt"
"573","from private investors. If there is to be a long, hard look","1956-12-10","1956","12","10","Moley_newsweek_1956-12-10_48_24.txt"
"574","at the Eisenhower partnership policy, the interests of all states, as well","1956-12-10","1956","12","10","Moley_newsweek_1956-12-10_48_24.txt"
"575","as the Northwest, should be brought within the range of vision. Newsweek,","1956-12-10","1956","12","10","Moley_newsweek_1956-12-10_48_24.txt"
"576","December 10, 1956 ; )","1956-12-10","1956","12","10","Moley_newsweek_1956-12-10_48_24.txt"
